ST VINCENT CLAY HOSPITAL INC,1206 E NATIONAL AVE,BRAZIL,IN,47834,CLAY
WHITTIER PAVILION,76 SUMMER STREET,HAVERHILL,MA,1830,ESSEX
ST VINCENT SALEM HOSPITAL INC,911 N SHELBY ST,SALEM,IN,47167,WASHINGTON
SOUTHSIDE COMMUNITY HOSPITAL, INC,800 OAK STREET,FARMVILLE,VA,23901,PRINCE EDWARD
WAYNE MEMORIAL HOSPITAL,865 SOUTH FIRST STREET,JESUP,GA,31545,WAYNE
MONTEFIORE MEDICAL CENTER,111 EAST 210TH STREET,BRONX,NY,10467,BRONX
CLARKE COUNTY HOSPITAL,800 S FILLMORE ST,OSCEOLA,IA,50213,CLARKE
KAISER FOUNDATION HOSPITAL - SACRAMENTO,2025 MORSE AVENUE,SACRAMENTO,CA,95825,SACRAMENTO
PRISMA HEALTH GREER MEMORIAL HOSPITAL,830 SOUTH BUNCOMBE ROAD,GREER,SC,29650,GREENVILLE
RIVER PLACE BEHAVIORAL HEALTH,500 RUE DE SANTE,LA PLACE,LA,70068,ST. JOHN BAPTIST
DOCTORS HOSPITAL OF RIVERSIDE,3865 JACKSON STREET,RIVERSIDE,CA,92503,RIVERSIDE
BETH ISRAEL DEACONESS HOSPITAL-MILTON INC,199 REEDSDALE ROAD,MILTON,MA,2186,NORFOLK
ASCENSION RIVER DISTRICT HOSPITAL,4100 RIVER RD,EAST CHINA,MI,48054,ST. CLAIR
CHILDREN'S MERCY HOSPITAL KANSAS,5808 W 110TH STREET,OVERLAND PARK,KS,66211,JOHNSON
BELMONT PINES HOSPITAL,615 CHURCHILL-HUBBARD RD,YOUNGSTOWN,OH,44505,MAHONING
WILCOX MEMORIAL HOSPITAL,3-3420 KUHIO HIGHWAY,LIHUE,HI,96766,KAUAI
NORTHLAKE BEHAVIORAL HEALTH SYSTEM,23515 HIGHWAY 190,MANDEVILLE,LA,70448,ST. TAMMANY
BUCKTAIL MEDICAL CENTER,1001 PINE STREET,RENOVO,PA,17764,CLINTON
UNIVERSITY OF TOLEDO MEDICAL CENTER,3000 ARLINGTON AVENUE,TOLEDO,OH,43699,LUCAS
SPOTSYLVANIA REGIONAL MEDICAL CENTER,4600 SPOTSYLVANIA PARKWAY,FREDERICKSBURG,VA,22408,SPOTSYLVANIA
ASCENSION VIA CHRISTI HOSPITAL MANHATTAN, INC,1823 COLLEGE AVE,MANHATTAN,KS,66502,RILEY
JONES MEMORIAL HOSPITAL,191 NORTH MAIN STREET,WELLSVILLE,NY,14895,ALLEGANY
ZUCKERBERG SAN FRANCISCO GENERAL HOSP & TRAUMA CTR,1001 POTRERO AVENUE,SAN FRANCISCO,CA,94110,SAN FRANCISCO
BROWARD HEALTH CORAL SPRINGS,3000 CORAL HILLS DR,CORAL SPRINGS,FL,33065,BROWARD
ORO VALLEY HOSPITAL,1551 EAST TANGERINE ROAD,ORO VALLEY,AZ,85755,PIMA
MENTAL HEALTH SERVICES FOR CLARK AND MADISON COS,474 NORTH YELLOW SPRINGS STREET,SPRINGFIELD,OH,45504,CLARK
LANAI COMMUNITY HOSPITAL,628 7TH STREET,LANAI CITY,HI,96763,MAUI
TYLER MEMORIAL HOSPITAL,5950 STATE ROUTE 6 WEST,TUNKHANNOCK,PA,18657,WYOMING
DIMMIT REGIONAL HOSPITAL,704 HOSPITAL DRIVE,CARRIZO SPRINGS,TX,78834,DIMMIT
EISENHOWER MEDICAL CENTER,39-000 BOB HOPE DRIVE,RANCHO MIRAGE,CA,92270,RIVERSIDE
ST LUKE'S HOSPITAL - MONROE CAMPUS,100 ST LUKE'S LANE,STROUDSBURG,PA,18360,MONROE
PUTNAM GENERAL HOSPITAL,101 LAKE OCONEE PARKWAY,EATONTON,GA,31024,PUTNAM
MUNSON HEALTHCARE GRAYLING HOSPITAL,1100 E MICHIGAN AVE,GRAYLING,MI,49738,CRAWFORD
MAYO CLINIC HEALTH SYSTEM - LAKE CITY,500 WEST GRANT STREET,LAKE CITY,MN,55041,WABASHA
PROVIDENCE TARZANA MEDICAL CENTER,18321 CLARK STREET,TARZANA,CA,91356,LOS ANGELES
CARSON VALLEY MEDICAL CENTER,1107 HIGHWAY 395,GARDNERVILLE,NV,89410,DOUGLAS
SOUTHWEST MEMORIAL HOSPITAL,1311 N MILDRED RD,CORTEZ,CO,81321,MONTEZUMA
ST JUDE CHILDRENS RESEARCH HOSPITAL,262 DANNY THOMAS PLACE,MEMPHIS,TN,38105,SHELBY
SALEM MEDICAL CENTER,310 WOODSTOWN ROAD,SALEM,NJ,8079,SALEM
SAINT JOSEPH EAST,150 NORTH EAGLE CREEK DRIVE,LEXINGTON,KY,40509,FAYETTE
LAKE BUTLER HOSPITAL,850 E MAIN ST,LAKE BUTLER,FL,32054,UNION
LAWRENCE GENERAL HOSPITAL,ONE GENERAL STREET,LAWRENCE,MA,1842,ESSEX
MAINE MEDICAL CENTER,22 BRAMHALL ST,PORTLAND,ME,4102,CUMBERLAND
COMMUNITY HOSPITAL,P O BOX 1328, 1301 EAST H ST,MCCOOK,NE,69001,RED WILLOW
OPTIONS BEHAVIORAL HEALTH SYSTEM,5602 CAITO DRIVE,INDIANAPOLIS,IN,46226,MARION
ST AGNES HOSPITAL,430 E DIVISION ST,FOND DU LAC,WI,54935,FOND DU LAC
MINERAL COMMUNITY HOSPITAL,1208 6TH AVE E,SUPERIOR,MT,59872,MINERAL
HAMMOND HENRY HOSPITAL,600 N COLLEGE AVENUE,GENESEO,IL,61254,HENRY
KANAKANAK HOSPITAL,P O BOX 130,DILLINGHAM,AK,99576,DILLINGHAM
OCEANS BEHAVIORAL HOSPITAL OF GREATER NEW ORLEANS,716 VILLAGE ROAD,KENNER,LA,70065,JEFFERSON
BELLIN HEALTH OCONTO HOSPITAL,820 ARBUTUS AVE,OCONTO,WI,54153,OCONTO
NEW YORK STATE PSYCHIATRIC INSTITUTE,722 W 168TH ST,NEW YORK,NY,10032,NEW YORK
AURORA MEDICAL CENTER,975 PORT WASHINGTON ROAD,GRAFTON,WI,53024,OZAUKEE
REGIONAL HEALTH SPEARFISH HOSPITAL,1440 N MAIN ST,SPEARFISH,SD,57783,LAWRENCE
BROWNFIELD REGIONAL MEDICAL CENTER,705 EAST FELT STREET,BROWNFIELD,TX,79316,TERRY